beam,rmse_roi,mae_roi,bias_roi,zero_ratio_reference,zero_ratio_model,stage,crb_at_emitter_nm,honest_rmse_nm,honest_bias_nm,geometry_estimator_rmse_nm,geometry_estimator_bias_nm
0,0.07863760383399515,0.07037807143464384,-0.06536435604482178,0.08995383430293721,0.0,geometry,0.8389267272153451,0.862409415533017,0.09999999999999983,0.9456479260274409,0.3178049716414141
1,0.08374164498578342,0.0815081498287086,-0.0815081498287086,0.08663250166810532,0.0,geometry,0.8389267272153451,0.862409415533017,0.09999999999999983,0.9456479260274409,0.3178049716414141
2,0.09906797782704825,0.09486888123416032,-0.09486888123416032,0.10354906780495243,0.0,geometry,0.8389267272153451,0.862409415533017,0.09999999999999983,0.9456479260274409,0.3178049716414141
3,0.10018915935317318,0.0903819464171586,-0.08819310860158935,0.11023894734083739,0.0,geometry,0.8389267272153451,0.862409415533017,0.09999999999999983,0.9456479260274409,0.3178049716414141
0,0.07615509964697588,0.06843982464391445,-0.059474587557910054,0.08995383430293721,2.2204460492549215e-16,individual_width,0.8400146202734607,0.7982793997091496,0.6438167441127945,3.0770521607538606,4.190047732425014
1,0.07715513395496736,0.07345585964832907,-0.0733700643885085,0.08663250166810532,3.372819440002916e-06,individual_width,0.8400146202734607,0.7982793997091496,0.6438167441127945,3.0770521607538606,4.190047732425014
2,0.11323917255361181,0.10892390103997486,-0.10892390103997486,0.10354906780495243,2.220446049268237e-16,individual_width,0.8400146202734607,0.7982793997091496,0.6438167441127945,3.0770521607538606,4.190047732425014
3,0.09878357423866342,0.0891921580570773,-0.08534089972226487,0.11023894734083739,2.220446049273223e-16,individual_width,0.8400146202734607,0.7982793997091496,0.6438167441127945,3.0770521607538606,4.190047732425014
0,0.0455867776499521,0.03651795541047095,-0.0015697682130277307,0.08995383430293721,0.0678360057661429,pedestal,1.7725056144424447,1.7599005653729416,0.3667424164178445,7.640075261409407,9.251297206338148
1,0.022955324266233333,0.017045759562357377,0.006314378463812298,0.08663250166810532,0.09360061238373603,pedestal,1.7725056144424447,1.7599005653729416,0.3667424164178445,7.640075261409407,9.251297206338148
2,0.03351322891798417,0.025387027135224647,-0.009914743388342428,0.10354906780495243,0.11334181247971027,pedestal,1.7725056144424447,1.7599005653729416,0.3667424164178445,7.640075261409407,9.251297206338148
3,0.049952791758514685,0.041457625221715366,-0.01392032174160611,0.11023894734083739,0.08337315034532417,pedestal,1.7725056144424447,1.7599005653729416,0.3667424164178445,7.640075261409407,9.251297206338148
0,0.049076156661327586,0.037123451134162815,0.029354403013056717,0.08995383430293721,0.06783600576693793,ellipticity,2.517579476820455,2.361408478006294,1.8117670931993437,9.368417689236535,13.133335448392387
1,0.020980968849288562,0.01779679497890112,0.01361237477743545,0.08663250166810532,0.09360103136077189,ellipticity,2.517579476820455,2.361408478006294,1.8117670931993437,9.368417689236535,13.133335448392387
2,0.01633488662618769,0.013515765378071072,0.003515742593884651,0.10354906780495243,0.11334181251171442,ellipticity,2.517579476820455,2.361408478006294,1.8117670931993437,9.368417689236535,13.133335448392387
3,0.03866980159738156,0.029915074530783514,0.019159724739823587,0.11023894734083739,0.08337315034494884,ellipticity,2.517579476820455,2.361408478006294,1.8117670931993437,9.368417689236535,13.133335448392387
0,0.020286333666320815,0.01748391182355578,0.0016719017028586163,0.08995383430293721,0.07390192433586791,background,2.376965911194104,2.458709010842885,0.3324154027718933,9.657833608009614,5.056678751908213
1,0.014128881110815259,0.0126232061931845,0.009746139019928084,0.08663250166810532,0.10431816454822168,background,2.376965911194104,2.458709010842885,0.3324154027718933,9.657833608009614,5.056678751908213
2,0.023936645851550656,0.019339898544157498,-0.016901660244159806,0.10354906780495243,0.11285862340179825,background,2.376965911194104,2.458709010842885,0.3324154027718933,9.657833608009614,5.056678751908213
3,0.019806793102680638,0.01598436035712366,0.010829586044109584,0.11023894734083739,0.09930631865504248,background,2.376965911194104,2.458709010842885,0.3324154027718933,9.657833608009614,5.056678751908213
0,0.0,0.0,0.0,0.08995383430293721,0.08995383430293721,experimental,2.155741453664565,2.037093517735501,0.790253124005214,39.919847820351215,50.55394148827566
1,0.0,0.0,0.0,0.08663250166810532,0.08663250166810532,experimental,2.155741453664565,2.037093517735501,0.790253124005214,39.919847820351215,50.55394148827566
2,0.0,0.0,0.0,0.10354906780495243,0.10354906780495243,experimental,2.155741453664565,2.037093517735501,0.790253124005214,39.919847820351215,50.55394148827566
3,0.0,0.0,0.0,0.11023894734083739,0.11023894734083739,experimental,2.155741453664565,2.037093517735501,0.790253124005214,39.919847820351215,50.55394148827566
